street_name,town,lat,lng,mrt_dist,school_dist,mall_dist,upcoming_mrt_dist
ADMIRALTY DR,SEMBAWANG,1.450685651,103.817133,0.0016981543949767654,0.000584776962738393,0.002507217323802103,0.03764817984303393
ADMIRALTY LINK,SEMBAWANG,1.455342003,103.8175415,0.006322791241102501,0.0013036850426033772,0.007151277978450526,0.041965592173131616
AH HOOD RD,KALLANG/WHAMPOA,1.327808684,103.8468005,0.004791620005575457,0.0050827882749823975,0.0008656740556677281,0.020522172865084377
ALJUNIED AVE 2,GEYLANG,1.32109794,103.8870987,0.0038281608240769297,0.0035988605799014716,0.0026578195575842245,0.010950514261877625
ALJUNIED CRES,GEYLANG,1.320532222,103.8857354,0.003573580807791493,0.0029783801395974496,0.002417172377200212,0.011445551967800343
ALJUNIED RD,GEYLANG,1.322421084,103.8814805,0.0026744958078994104,0.0025802978287753063,0.00453395713229015,0.012006651057520865
ANCHORVALE CRES,SENGKANG,1.398762529,103.8908759,0.005940810315388661,0.003184657547957244,0.005575849670793474,0.016842884731705553
ANCHORVALE DR,SENGKANG,1.39070393,103.889485,0.0014978314285185909,0.0005333559184325069,0.0016777035906075403,0.02483864442701355
ANCHORVALE LANE,SENGKANG,1.392199289,103.8842804,0.002047867177060807,0.001225889631444221,0.0016244575794614191,0.023505885916579948
ANCHORVALE LINK,SENGKANG,1.392390863,103.8900395,0.0011665635734989263,0.00027063291257333605,0.0009538120327514828,0.02315418904091823
ANCHORVALE RD,SENGKANG,1.393461584,103.8872008,0.0022607411623396575,0.0013000427566227755,0.00197979288571175,0.0221734834641197
ANCHORVALE ST,SENGKANG,1.397482763,103.8891036,0.005845399785144965,0.0028162925047855876,0.005331099283977936,0.018157014322849878
ANG MO KIO AVE 1,ANG MO KIO,1.36381724,103.8474201,0.003036363692667297,0.001912811261187553,0.0038589276567876844,0.018045359312767045
ANG MO KIO AVE 10,ANG MO KIO,1.367007392,103.8564735,0.003238718462453134,0.001808345428885016,0.0025884237299154795,0.020728105598182445
ANG MO KIO AVE 2,ANG MO KIO,1.372923411,103.8332125,0.0016032747525237406,0.001074688314855954,0.0026967774870836235,0.01981679851373933
ANG MO KIO AVE 3,ANG MO KIO,1.369191111,103.8573054,0.001716996639951618,0.002755975585839992,0.0032062326039257174,0.021723557527498785
ANG MO KIO AVE 4,ANG MO KIO,1.376413907,103.8393635,0.004980820236358721,0.000738038650975868,0.004657813288535622,0.019930804134181062
ANG MO KIO AVE 5,ANG MO KIO,1.376070036,103.8555767,0.005921790807918311,0.0038256964311617733,0.004541197742436709,0.02287312646165053
ANG MO KIO AVE 6,ANG MO KIO,1.376156326,103.8451263,0.0049830564611824365,0.0018028843841017478,0.004222101712967867,0.02103422479239156
ANG MO KIO AVE 8,ANG MO KIO,1.370897285,103.848654,0.0009810802187924194,0.0015308164395698052,0.0009029096319655808,0.021024065858426408
ANG MO KIO AVE 9,ANG MO KIO,1.384198684,103.8437162,0.0019705089399574558,0.0004360520709992262,0.005680946204501862,0.018409977081412825
ANG MO KIO ST 11,ANG MO KIO,1.371182065,103.8359091,0.0003099460763460923,0.0028162262813431764,0.0021258575866246313,0.01910512901793836
ANG MO KIO ST 21,ANG MO KIO,1.369067791,103.8348713,0.0024191147359834773,0.004664606035014763,0.003618244688461282,0.017722843148128112
ANG MO KIO ST 31,ANG MO KIO,1.36615254,103.8480775,0.003792047754548799,0.0008138122456605262,0.003631404892242354,0.018836000883219444
ANG MO KIO ST 32,ANG MO KIO,1.364749837,103.8503657,0.0038753708357630854,0.0008466400186144304,0.0030459733883389326,0.01885871268388549
ANG MO KIO ST 44,ANG MO KIO,1.366605492,103.8575527,0.003695543196998276,0.001683187784265006,0.002148992502557154,0.020801192122751028
ANG MO KIO ST 51,ANG MO KIO,1.37130534,103.8541354,0.0016468505242816858,0.0010894876757247321,0.0013358691984111468,0.022164406674868926
ANG MO KIO ST 52,ANG MO KIO,1.37266463,103.8533258,0.002831980460079968,0.00047471582647414965,0.001394581581120787,0.02276324513366532
ANG MO KIO ST 61,ANG MO KIO,1.38107923,103.8412277,0.0009306743396955945,0.0031852127135475854,0.008169652229302531,0.018515809044151007
BAIN ST,CENTRAL AREA,1.29726809,103.8540351,0.0009877485129722412,0.0032357294608391413,0.000973633045165187,0.0052445559512042765
BALAM RD,GEYLANG,1.330081766,103.8866261,0.003006502445986968,0.0035960102986437393,0.004688798855985196,0.01209267384707587
BANGKIT RD,BUKIT PANJANG,1.377763979,103.774142,0.0030574098844251556,0.002008980423782042,0.0020785106208956786,0.009230104471883
BEACH RD,KALLANG/WHAMPOA,1.299604533,103.8592229,0.0011695223562643694,0.005949869719172683,0.0005732212776285406,0.004488201124768836
BEDOK CTRL,BEDOK,1.326025348,103.9335868,0.002212891304749843,0.0027832434022526044,0.0009815255681173522,0.002166159342275333
BEDOK NTH AVE 1,BEDOK,1.328525862,103.9267382,0.0046069716735964005,0.0017476324834959664,0.002500109294914916,0.004557430373171564
BEDOK NTH AVE 2,BEDOK,1.330849069,103.9306893,0.00491280126157761,0.0010710481520703734,0.0047371971545483536,0.006811987210455858
BEDOK NTH AVE 3,BEDOK,1.331472862,103.934313,0.00504773960351298,0.001778119617838358,0.0054732577653802674,0.007504859473251827
BEDOK NTH AVE 4,BEDOK,1.335043879,103.9435632,0.0030662665509671966,0.0005177451381927752,0.00463683099119996,0.007951031528612283
BEDOK NTH RD,BEDOK,1.330873666,103.9304481,0.004858629385257658,0.0011091838416481805,0.004758794772636713,0.0068354867288592
BEDOK NTH ST 1,BEDOK,1.327439966,103.9307388,0.003455767678685216,0.0023774640177166863,0.0013509121419182776,0.003405335968104225
BEDOK NTH ST 2,BEDOK,1.32887107,103.9370683,0.002866989809144116,0.0015860420759728467,0.0032933999071108476,0.005122860156497845
BEDOK NTH ST 3,BEDOK,1.333483169,103.9275974,0.0025830408435803197,0.0011427755864577556,0.007378262502686588,0.009462332471684399
BEDOK NTH ST 4,BEDOK,1.332327091,103.9398126,0.004633844388923912,0.002159641721098137,0.0057209196711701755,0.006881568692928617
BEDOK RESERVOIR CRES,BEDOK,1.33646001,103.9204707,0.0018134203488657324,0.0010161149503046243,0.007481147292602467,0.012628280834885855
BEDOK RESERVOIR RD,BEDOK,1.337286995,103.9215157,0.00257498682255624,0.0018268174521407683,0.006622670679304015,0.013215729193086488
BEDOK RESERVOIR VIEW,BEDOK,1.337019465,103.9367814,0.0011317068889234937,0.002531682728349271,0.006489533466004237,0.010478448941590288
BEDOK STH AVE 1,BEDOK,1.317932563,103.9328377,0.005849457863487948,0.0026496450631651497,0.006877208809575236,0.004227555880480711
BEDOK STH AVE 2,BEDOK,1.3225481,103.9375648,0.002341012822759169,0.000901133649525698,0.00300816080214055,0.0023715567927549627
BEDOK STH AVE 3,BEDOK,1.32092477,103.9455142,0.004885264774378208,0.003144152823782668,0.005539665047102011,0.00293108502573941
BEDOK STH RD,BEDOK,1.32059567,103.9377658,0.0038895409023664037,0.002850399090075853,0.004658226296513585,0.003933104921242869
BENDEMEER RD,KALLANG/WHAMPOA,1.32089774,103.8653445,0.001305979483101659,0.0009148863863606988,0.005378308503663685,0.016204580154834985
BEO CRES,BUKIT MERAH,1.289300638,103.8271176,0.0019672535997165706,0.0021660634838021587,0.0030136117061821694,0.011812658156206593
BISHAN ST 11,BISHAN,1.346672864,103.8523193,0.003504350083783578,0.002789734745544066,0.003739346133911296,0.019850420702952797
BISHAN ST 12,BISHAN,1.346711442,103.8508991,0.00322946475135235,0.0028365961470339395,0.0036432593137693315,0.019550040877982375
BISHAN ST 13,BISHAN,1.349641097,103.8540644,0.0016328662570953127,0.00032070883412304804,0.0013937892157685962,0.0191047006561079
BISHAN ST 22,BISHAN,1.35751626,103.8452375,0.004065429866169211,0.0030981492792735783,0.004480346753892289,0.016482218981744817
BISHAN ST 23,BISHAN,1.357275315,103.8466089,0.00408960912158917,0.0029315110882685977,0.004535630440707285,0.016739410523848686
BISHAN ST 24,BISHAN,1.356907973,103.8443758,0.0034943914492606746,0.0025194359157273637,0.003936591771546417,0.016227985070961123
BOON KENG RD,KALLANG/WHAMPOA,1.315542815,103.8646097,0.0019154656409511794,0.0047371601723181925,0.004635709126151042,0.015754326716933182
BOON LAY AVE,JURONG WEST,1.347261894,103.7103822,0.0038178706584505915,0.0018670742259869523,0.0010021943102435215,0.0019816191485907612
BOON LAY DR,JURONG WEST,1.344075816,103.7128144,0.0018369802105870066,0.0009034080470292523,0.002299217701045455,0.002667145297228397
BOON LAY PL,JURONG WEST,1.347152071,103.7129727,0.0033968347082682423,0.0012859055163880974,0.0007861901394319392,0.0022831914971617796
BOON TIONG RD,BUKIT MERAH,1.286681921,103.831444,0.001338877737270163,0.0029142518774965143,0.001014661205938928,0.011438647145680993
BRIGHT HILL DR,BISHAN,1.357652186,103.8319847,0.0032416067419700164,0.002939312247614759,0.0033086816118808797,0.013736912717566399
BT BATOK CTRL,BUKIT BATOK,1.350524542,103.7497294,0.001489861397136997,0.00232120874864743,0.00019938274922288847,0.003355597260414151
BT BATOK EAST AVE 3,BUKIT BATOK,1.344542387,103.758375,0.004904109600830548,0.0010762036215002683,0.004614420932733074,0.005920592612884659
BT BATOK EAST AVE 4,BUKIT BATOK,1.349709668,103.758654,0.0021150458676180827,0.0039042891983878778,0.0021903774937557844,0.005429547976056958
BT BATOK EAST AVE 5,BUKIT BATOK,1.353562022,103.7548806,0.004674395312587322,0.0006970718017160813,0.003422880716973223,0.0032327928172732846
BT BATOK EAST AVE 6,BUKIT BATOK,1.345426642,103.7573014,0.0039992832584248555,0.00021589038541221402,0.005268551310622847,0.006512849092110629
BT BATOK ST 11,BUKIT BATOK,1.350000338,103.7433344,0.001666685349293757,0.0009449006204171288,0.0013212319759439055,0.0027483896214130837
BT BATOK ST 21,BUKIT BATOK,1.346618383,103.7534411,0.002567331314572296,0.0007594940806856479,0.003875720594815934,0.006797687872414721
BT BATOK ST 22,BUKIT BATOK,1.344417451,103.7497686,0.004406746498631815,0.0016861557978342572,0.0059596768032186935,0.00486492728009652
BT BATOK ST 24,BUKIT BATOK,1.342974249,103.756779,0.004776223202531142,0.002555323224525538,0.004503497449768849,0.004512711408212278
BT BATOK ST 25,BUKIT BATOK,1.343762857,103.7609321,0.004409582105397696,0.002031697887741101,0.003773093601581049,0.005735282674382744
BT BATOK ST 31,BUKIT BATOK,1.358329486,103.7489424,0.000709165274337441,0.0008560000614906116,0.004097329720997897,0.003181017357917692
BT BATOK ST 32,BUKIT BATOK,1.362487986,103.7483707,0.0038960372310172927,0.0016302914137418802,0.003271826085515804,0.004705513886909098
BT BATOK ST 33,BUKIT BATOK,1.362156215,103.7476264,0.003606376394857466,0.0019770250902312247,0.003462056415484131,0.004581492713184432
BT BATOK ST 34,BUKIT BATOK,1.364583546,103.7499312,0.004042129105923865,0.0005089090627563599,0.003496462965726312,0.004410134489405021
BT BATOK ST 51,BUKIT BATOK,1.355863164,103.7505648,0.002814103484500596,0.001795192997907651,0.004172992595081033,0.003921185993867531
BT BATOK ST 52,BUKIT BATOK,1.356390938,103.7534251,0.0022942065601998917,0.002154854851748567,0.0033960397896193877,0.003416326618226478
BT BATOK WEST AVE 2,BUKIT BATOK,1.358114396,103.7472612,0.0011236038503688115,0.0010954348293016826,0.004427176218765375,0.003035562610873796
BT BATOK WEST AVE 4,BUKIT BATOK,1.362767634,103.7469993,0.004230880168485394,0.0014062448345120774,0.003548856107467583,0.004970800260767212
BT BATOK WEST AVE 5,BUKIT BATOK,1.358786754,103.7422624,0.0020351503117540084,0.0013633503714070316,0.005559274682030422,0.0023804601846273755
BT BATOK WEST AVE 6,BUKIT BATOK,1.35366689,103.7429169,0.004849832037940532,0.0024875281692855757,0.003556466017438455,0.0018672796884757297
BT BATOK WEST AVE 7,BUKIT BATOK,1.365429985,103.7488114,0.004648200813900053,0.001317008607162065,0.00418754108208267,0.0039183009535558155
BT BATOK WEST AVE 8,BUKIT BATOK,1.355490279,103.7397878,0.004083869218849302,0.0033238784142277265,0.005498484141990782,0.0022686606510531593
BT BATOK WEST AVE 9,BUKIT BATOK,1.354981438,103.7418557,0.0042558920077516976,0.0027421630152052413,0.004867114036489051,0.002848744937550779
BT MERAH CTRL,BUKIT MERAH,1.283932126,103.8162972,0.003770554430677085,0.001676440400417247,0.004081013245136839,0.012571940630908477
BT MERAH LANE 1,BUKIT MERAH,1.285796965,103.8039701,0.005239315984145537,0.00326239127050996,0.0015311970313831992,0.01602366136314212
BT MERAH VIEW,BUKIT MERAH,1.284181034,103.8218811,0.0024765698485184223,0.0011511814808645344,0.0027476773608245803,0.012138193616917304
BT PANJANG RING RD,BUKIT PANJANG,1.386554207,103.7644644,0.0038801821107594353,0.0009031756800850839,0.0012971260825396568,0.003982638514907985
BT PURMEI RD,BUKIT MERAH,1.272826782,103.8255881,0.005121794168305035,0.0021704410267814863,0.005523240239187508,0.003159446985183084
BUANGKOK CRES,HOUGANG,1.383950004,103.8806898,0.002311781800415532,0.0019902827986493306,0.0004214876216613636,0.025262123108998058
BUANGKOK GREEN,HOUGANG,1.379634519,103.8827096,0.004501077150724925,0.0017916168234282425,0.0010269657499416631,0.026468850429785876
BUANGKOK LINK,HOUGANG,1.382819259,103.8820525,0.002229247005502822,0.001977138093134202,0.0015171141014281818,0.02566503900640678
BUFFALO RD,CENTRAL AREA,1.306828507,103.8507406,0.00047688129567737426,0.0035810823173410304,0.0006041313676671302,0.011309484648930565
C'WEALTH AVE,QUEENSTOWN,1.304769669,103.7955805,0.002034215104369742,0.004621718544492369,0.001978940537042195,0.019971452931774943
C'WEALTH AVE WEST,CLEMENTI,1.30807989,103.7884726,0.0018705795790854758,0.007119855604231356,0.0012648854830334638,0.01624439315455233
C'WEALTH CL,QUEENSTOWN,1.303789654,103.7989943,0.003364148178679036,0.004158214901638778,0.0032119781756138276,0.02091868773112683
C'WEALTH CRES,QUEENSTOWN,1.307698572,103.8004235,0.002984508678065699,0.007767963961191827,0.0028152903650313105,0.018696143026334874
C'WEALTH DR,QUEENSTOWN,1.298973465,103.7975814,0.002825922916842702,0.0009506485137307367,0.006875673697965318,0.02049949247538855
CAMBRIDGE RD,KALLANG/WHAMPOA,1.315065133,103.848572,0.0024837191969330034,0.002380711753000504,0.0024638134914088707,0.018955599887987413
CANBERRA CRES,SEMBAWANG,1.446921054,103.8299128,0.0024222404347044027,0.0021521451745529106,0.001808571411539022,0.03357508210018371
CANBERRA LINK,SEMBAWANG,1.447044054,103.8275265,0.00217921918999538,0.0021290805883146025,0.00151802574515967,0.03380046452617325
CANBERRA RD,SEMBAWANG,1.451734079,103.8206601,0.002708116074843346,0.00026961769957584885,0.003542643430791698,0.0384623221910186
CANBERRA ST,SEMBAWANG,1.44838178,103.8323809,0.0016243603125399018,0.003493329756553113,0.0015895002752941477,0.03482701275829262
CANBERRA WALK,SEMBAWANG,1.447586329,103.8299432,0.0018733435602118313,0.002744832967184997,0.001421288309573366,0.0341915457386499
CANTONMENT CL,BUKIT MERAH,1.275233944,103.8401659,0.002184247883497709,0.00024581348270913433,0.0011599891928923919,0.0026282779995222692
CANTONMENT RD,CENTRAL AREA,1.276261484,103.8408539,0.0015347366580137954,0.0008304034625913778,0.00150938336017975,0.0035467037054869987
CASHEW RD,BUKIT PANJANG,1.372014788,103.767716,0.0022714471931172537,0.0016397943438739764,0.006441288376805526,0.009441182453811542
CASSIA CRES,GEYLANG,1.310056071,103.8842081,0.0020860062024127234,0.0014219956717575499,0.005224451321976115,0.008590693465430784
CHAI CHEE AVE,BEDOK,1.32516201,103.9246797,0.0017548391496924678,0.003649301022990423,0.0011720793379959879,0.001722075053741187
CHAI CHEE DR,BEDOK,1.324231566,103.9192636,0.0026408806002547716,0.004617874080108514,0.002475093700120955,0.002637328879130598
CHAI CHEE RD,BEDOK,1.325826618,103.9232182,0.0024759215792064366,0.0035561318900098637,0.0015635339912733399,0.0024391838651370975
CHAI CHEE ST,BEDOK,1.328618792,103.9226631,0.004962051707328986,0.000916500892556337,0.003000732484911521,0.004915259129670741
CHANDER RD,CENTRAL AREA,1.308833711,103.8518487,0.0016731861182459132,0.0028666577129986847,0.0014634101013960067,0.012907150768967425
CHANGI VILLAGE RD,PASIR RIS,1.384764384,103.9874016,0.013822675404927072,0.011659252307705951,0.010134557614287337,0.0331345253217704
CHIN SWEE RD,CENTRAL AREA,1.2862913,103.8385359,0.0024207418874366156,0.004109722102076348,0.0017218766874574328,0.00985201097351364
CHOA CHU KANG AVE 1,CHOA CHU KANG,1.376811556,103.7449625,0.004148208668711502,0.001122348882511098,0.0005652269817704702,0.008281325657469151
CHOA CHU KANG AVE 2,CHOA CHU KANG,1.378702022,103.7428207,0.0036029099397388385,0.0009618800254320416,0.0013695091110074871,0.006396191847717218
CHOA CHU KANG AVE 3,CHOA CHU KANG,1.380948962,103.7424212,0.0038156571992929793,0.0010208871255169834,0.0021060217906682926,0.00415820314322033
CHOA CHU KANG AVE 4,CHOA CHU KANG,1.38287293,103.7416159,0.002542181058786344,0.0014892347005192631,0.002297737647651535,0.002275273852477376
CHOA CHU KANG AVE 5,CHOA CHU KANG,1.375729611,103.7393358,0.005681083381462461,0.0020856384026024647,0.0019055655382329171,0.009409789028942036
CHOA CHU KANG AVE 7,CHOA CHU KANG,1.375215342,103.7467141,0.005160009014628111,0.00271255637280863,0.002196997103186044,0.009480525796753854
CHOA CHU KANG CRES,CHOA CHU KANG,1.403441132,103.7480875,0.005966268533910666,0.0006231454800606125,0.005396439079641204,0.018361011990175976
CHOA CHU KANG CTRL,CHOA CHU KANG,1.381257884,103.7467694,0.0032131571350365504,0.00041918141881059083,0.00162216067560754,0.0038611930608771707
CHOA CHU KANG DR,CHOA CHU KANG,1.394243712,103.7463595,0.0032374774774656446,0.0007056472678504543,0.002244984719326955,0.00915906446450063
CHOA CHU KANG LOOP,CHOA CHU KANG,1.384766436,103.7454465,0.0006289237754164336,0.0018342780959391665,0.00030590349915284287,0.00038623219436859714
CHOA CHU KANG NTH 5,CHOA CHU KANG,1.392185815,103.746445,0.0052928689914185315,0.0013842519912694521,0.000604984409240405,0.00710422841950454
CHOA CHU KANG NTH 6,CHOA CHU KANG,1.396502809,103.7475334,0.0009733368968837346,0.0006536064051820168,0.0006036429546551315,0.011425269371800682
CHOA CHU KANG NTH 7,CHOA CHU KANG,1.400961562,103.7471985,0.0034858218126007042,0.0018943106167316594,0.0029142654817719328,0.015877695926265183
CHOA CHU KANG ST 51,CHOA CHU KANG,1.391443481,103.7430209,0.006081567171907279,0.0022527118685817015,0.0006305614279837847,0.006355869030066387
CHOA CHU KANG ST 52,CHOA CHU KANG,1.395010732,103.7439191,0.0025389995138896866,0.0003278901691001768,0.0021252539302818656,0.009918996226876113
CHOA CHU KANG ST 53,CHOA CHU KANG,1.39130375,103.7473075,0.005964430097736695,0.002256776236701226,0.001074746287871303,0.006235354958246271
CHOA CHU KANG ST 54,CHOA CHU KANG,1.395038389,103.7490194,0.0024533600688437774,0.0010704912802284037,0.0020887904648374603,0.009982136523031331
CHOA CHU KANG ST 62,CHOA CHU KANG,1.399064511,103.7467234,0.0015930405693460276,0.002412622056144281,0.0010190339929340424,0.013979020899107535
CHOA CHU KANG ST 64,CHOA CHU KANG,1.397779786,103.7500388,0.0005442516196643337,0.001026881806536391,0.0005743010949164274,0.012728659644093601
CIRCUIT RD,GEYLANG,1.326488332,103.8883414,0.0005344841115291655,0.0014864824359414701,0.0072691432344611645,0.01042586173459202
CLARENCE LANE,QUEENSTOWN,1.29228052,103.8141013,0.002744594318668166,0.0029961810601680343,0.004087846348640877,0.0152214293004552
CLEMENTI AVE 1,CLEMENTI,1.310292585,103.7685056,0.002831102698707863,0.004253606327743198,0.004069432005356931,0.011382030911816696
CLEMENTI AVE 2,CLEMENTI,1.311560781,103.7675998,0.002840205530244813,0.0032810073739083173,0.002780896363549554,0.010183924596034725
CLEMENTI AVE 3,CLEMENTI,1.314043697,103.7634744,0.00115746801146615,0.0010229442417233506,0.00048142160905470185,0.0075489533856929894
CLEMENTI AVE 4,CLEMENTI,1.318791063,103.7661094,0.0036820320095834183,0.0013150323043788724,0.0022414584162239516,0.005388455966228377
CLEMENTI AVE 5,CLEMENTI,1.317396711,103.7680697,0.002392846245486478,0.0012046469349286837,0.0009523754050872867,0.006315709976365807
CLEMENTI AVE 6,CLEMENTI,1.323191477,103.7642327,0.008078751349214321,0.004064453323014015,0.006661588761408562,0.0052567134451072
CLEMENTI ST 11,CLEMENTI,1.322345314,103.7704586,0.007347422768798577,0.0039051477567618293,0.005885230984083935,0.00671212460774612
CLEMENTI ST 12,CLEMENTI,1.322715466,103.7699552,0.007691375050086908,0.004140760561252116,0.006230610453280263,0.006703465376257354
CLEMENTI ST 13,CLEMENTI,1.323700458,103.7711795,0.008712437369010928,0.00514120342521555,0.006267462619158405,0.006547436636190711
CLEMENTI ST 14,CLEMENTI,1.323202594,103.7688008,0.008136112616648044,0.004430647937694025,0.006680500210146811,0.0062211312865890845
CLEMENTI WEST ST 1,CLEMENTI,1.304818633,103.7666794,0.006377153142126998,0.006264695032949382,0.0012417032354343747,0.016159625936234073
CLEMENTI WEST ST 2,CLEMENTI,1.303844368,103.7627712,0.007642842846962891,0.006651587532160059,0.0009166180120803791,0.016783333512648414
COMPASSVALE BOW,SENGKANG,1.381624356,103.8936426,0.0020727812151750424,0.0012745198616192638,0.0013682176087789748,0.02801409965541246
COMPASSVALE CRES,SENGKANG,1.397457411,103.8981839,0.0057304980438032905,0.0026346087533904395,0.004187849875951216,0.017947378095515644
COMPASSVALE DR,SENGKANG,1.388027733,103.8969022,0.0037268485090010094,0.0015006157585184428,0.0026896885448205675,0.02735634146503681
COMPASSVALE LANE,SENGKANG,1.385811104,103.8983276,0.002331170132790449,0.0015369026739073576,0.0007404856693056256,0.02836296136478738
COMPASSVALE LINK,SENGKANG,1.383919796,103.8952547,0.0004678557173609321,0.0007403484980955149,0.0010501634212271703,0.027953800356075902
COMPASSVALE RD,SENGKANG,1.390575789,103.8974222,0.0012192831353082703,0.0011578540176964158,0.0015372874083085094,0.024809275536978426
COMPASSVALE ST,SENGKANG,1.39541804,103.8981047,0.0037003239522308234,0.0016137790420785202,0.002908315538832201,0.019976703950623422
COMPASSVALE WALK,SENGKANG,1.389686735,103.8985494,0.002130214194365553,0.0002898344561870416,0.0024483553664039746,0.0256791204268065
CORPORATION DR,JURONG WEST,1.333194265,103.7232386,0.004452297809377046,0.004471907176691277,0.0017744583755067006,0.004447324631117697
CRAWFORD LANE,KALLANG/WHAMPOA,1.305302898,103.8624886,0.0018923400224383367,0.006916890049086988,0.003094939844272699,0.008555971460806142
DAKOTA CRES,GEYLANG,1.306642859,103.8859651,0.0009062067950943215,0.003954968287274065,0.004899031287452207,0.006408365627017051
DAWSON RD,QUEENSTOWN,1.29487286,103.8105579,0.0012631291084985348,0.0010908516525293492,0.006013773831280263,0.016499259044261052
DELTA AVE,BUKIT MERAH,1.292116381,103.8273343,0.0025341943913379985,0.0011197742491017078,0.0018630655616225992,0.011578656118722342
DEPOT RD,BUKIT MERAH,1.281715639,103.8097983,0.006613728611542116,0.004207335952004794,0.005711687632466808,0.011816179181077323
DORSET RD,KALLANG/WHAMPOA,1.313637471,103.850291,0.0012403433385204856,0.0012745700061710578,0.0027459081104566005,0.017466281392534887
DOVER CL EAST,QUEENSTOWN,1.303885233,103.786142,0.002634647926864164,0.002886556502862916,0.0016386625837948405,0.019247668151337254
DOVER CRES,QUEENSTOWN,1.305861942,103.78272,0.0020420941472145656,0.004910988354981286,0.001568011232536112,0.01709784397385058
DOVER RD,QUEENSTOWN,1.303881481,103.7794345,0.0037372021892485827,0.0032903030025823172,0.0028191975613921488,0.018368958311157934
EDGEDALE PLAINS,PUNGGOL,1.398629186,103.9133489,0.006074819254427545,0.0009208981234981717,0.00419437726353407,0.016654807910595926
EDGEFIELD PLAINS,PUNGGOL,1.401002283,103.9091504,0.003597641801196753,0.0009372505977872792,0.0019600850551280058,0.014281236369246409
ELIAS RD,PASIR RIS,1.377882413,103.9414209,0.0051066129080477,0.0006179422138920193,0.00017688882260547282,0.03772101461727305
EMPRESS RD,BUKIT TIMAH,1.317450415,103.8063116,0.0002678307623318741,0.0034159159053158256,0.006984768846378109,0.015500420340827962
EUNOS CRES,GEYLANG,1.321623158,103.9037725,0.0018445781281517788,0.004449023268704225,0.003426460280729539,0.006883500950186924
EUNOS RD 5,GEYLANG,1.320700848,103.8960855,0.001993898490522345,0.0043540437343343,0.0017296337119014843,0.008989882706972882
EVERTON PK,BUKIT MERAH,1.276993939,103.8392431,0.001997466041606097,0.0015356868034866087,0.001982548958567756,0.004247309130826545
FAJAR RD,BUKIT PANJANG,1.384319487,103.7701484,0.004878691696912067,0.0007449436940904949,0.0007567036952343765,0.004840265446597662
FARRER PK RD,KALLANG/WHAMPOA,1.311735223,103.851004,0.0017007458471475,0.0006363643175792089,0.001446475471744623,0.01563321880500691
FARRER RD,BUKIT TIMAH,1.317630189,103.8077622,0.00021378617438011299,0.0032173114421581678,0.006947721983263865,0.01582394811270561
FERNVALE LANE,SENGKANG,1.389579758,103.8710132,0.004893963216503558,0.0009503544380986877,0.0021008955183068946,0.023527976724901815
FERNVALE LINK,SENGKANG,1.394262583,103.8790449,0.003848324159383633,0.0015690334642674841,0.002839830071339831,0.021672548971574872
FERNVALE RD,SENGKANG,1.394119314,103.8760449,0.004182033876661838,0.0012815804974363216,0.002649198698663366,0.021937334028456025
FERNVALE ST,SENGKANG,1.398478411,103.8801824,0.0069722827828469745,0.004166007479393173,0.0069296675945014685,0.017541272110281222
FRENCH RD,KALLANG/WHAMPOA,1.30814608,103.861193,0.0008602726289076186,0.005004386856868662,0.0023378128121155344,0.011359756410111698
GANGSA RD,BUKIT PANJANG,1.378131593,103.7662355,0.0017235709171519327,0.001534116949673772,0.0005388593883305901,0.008088488924518267
GEYLANG BAHRU,KALLANG/WHAMPOA,1.32154463,103.8712166,0.00026333596083034347,0.0014578696279692552,0.005960052598576812,0.014650184241831666
GEYLANG EAST AVE 1,GEYLANG,1.317400145,103.8853632,0.001132561501137564,0.0004256019333373394,0.0018857062058301151,0.012894133367792455
GEYLANG EAST AVE 2,GEYLANG,1.317906819,103.8887329,0.0011027156174603697,0.0012635600023910346,0.0011108216044313614,0.011909998412705463
GEYLANG EAST CTRL,GEYLANG,1.319148663,103.8868264,0.0023365467302506404,0.001726166995017828,0.0014721107405483184,0.01172415451330846
GEYLANG SERAI,GEYLANG,1.317113099,103.8973732,0.001289740386450469,0.003425381743011594,0.001195541858051023,0.010647214290833524
GHIM MOH LINK,QUEENSTOWN,1.309992763,103.7851481,0.002178053007210729,0.006687217013640235,0.002628959762262673,0.01425774180625916
GHIM MOH RD,QUEENSTOWN,1.311952319,103.7874347,0.002318145174400609,0.004790756787861411,0.0026880589026438235,0.01338423936602285
GLOUCESTER RD,KALLANG/WHAMPOA,1.313126393,103.8520501,0.0006893300050804882,0.0008255000426988038,0.002071175499709495,0.016830559321802357
HAIG RD,GEYLANG,1.309564733,103.8977057,0.0024603205163891526,0.0027283166349245684,0.004743455496983399,0.005414793601066553
HAVELOCK RD,BUKIT MERAH,1.289196569,103.8359101,0.000946639984015205,0.0038317005156909443,0.0029993614893801426,0.009441568008887964
HENDERSON CRES,BUKIT MERAH,1.288945586,103.82171,0.0015427750548002686,0.002504352197392685,0.003191163987944385,0.013355583153680578
HENDERSON RD,BUKIT MERAH,1.28060357,103.8176054,0.006192609582571467,0.004318807583427234,0.006424671967096934,0.009548556394521467
HO CHING RD,JURONG WEST,1.33471445,103.7241528,0.004454881370483061,0.0033102264342265873,0.0008728190917866752,0.004409309817474614
HOLLAND AVE,QUEENSTOWN,1.309213811,103.7950853,0.0030711360450658776,0.00795354720520912,0.0009727046772295241,0.01665271107992578
HOLLAND CL,QUEENSTOWN,1.307667689,103.7957456,0.001977036755379488,0.007193025017371947,0.0020800863944188865,0.017840497915853064
HOLLAND DR,QUEENSTOWN,1.310104045,103.7929464,0.0023419489154589425,0.006931457610404446,0.0006169933501172976,0.015651108271529938
HOUGANG AVE 1,HOUGANG,1.354643641,103.8899098,0.005382009005692302,0.003267494236230109,0.0026515680295202976,0.025907933752171465
HOUGANG AVE 10,HOUGANG,1.373313991,103.8918289,0.002980495477443793,0.0007103587429371794,0.0009040580898350045,0.02967109644520299
HOUGANG AVE 2,HOUGANG,1.368246479,103.8848413,0.0025625071028852137,0.0022833581898497337,0.0046057327428243745,0.026550353592013742
HOUGANG AVE 3,HOUGANG,1.352885183,103.8908384,0.004667894393916794,0.003643932115612492,0.0026605302680749662,0.026270404497409697
HOUGANG AVE 4,HOUGANG,1.371527685,103.8879496,0.001468369901190247,0.000973132927769083,0.0015030707929013097,0.028247633321706066
HOUGANG AVE 5,HOUGANG,1.367560337,103.8963658,0.0028938119182662213,0.0007706813564780048,0.004961559639513131,0.028611300538180253
HOUGANG AVE 6,HOUGANG,1.376605882,103.8928927,0.006272377319242926,0.0019245501099298388,0.0027770242818935015,0.029276322098113126
HOUGANG AVE 7,HOUGANG,1.367548085,103.8991022,0.0031058057160057743,0.0011782440155784606,0.0050596078381722155,0.029145827249470676
HOUGANG AVE 8,HOUGANG,1.374859185,103.8882409,0.004593202163672138,0.0010554916992307245,0.0018618365395509588,0.029121018650936
HOUGANG AVE 9,HOUGANG,1.375194036,103.8811277,0.005330154676874545,0.0021025939076951905,0.0005280225647847677,0.027723722575745218
HOUGANG CTRL,HOUGANG,1.371336053,103.892616,0.0010037975782328677,0.0018899643301771398,0.0011813127852219553,0.029032173030679415
HOUGANG ST 11,HOUGANG,1.352019305,103.8801392,0.002198588916911404,0.002756328160592879,0.0014887812490415662,0.024101666006961026
HOUGANG ST 21,HOUGANG,1.358236634,103.8860542,0.001697227362518386,0.0009887670570787232,0.0013183999777990642,0.025133523755507044
HOUGANG ST 22,HOUGANG,1.355820586,103.8910013,0.00430671996582342,0.0020913608434088783,0.0035057324915309797,0.026097719318481493
HOUGANG ST 31,HOUGANG,1.36292016,103.8896527,0.0032029962089832617,0.004120369987530282,0.003504871343623641,0.02650728765382044
HOUGANG ST 32,HOUGANG,1.363442786,103.894207,0.004074664656146103,0.0034955733428219016,0.004329594096574297,0.02748977442452399
HOUGANG ST 51,HOUGANG,1.380337359,103.8878393,0.0034963267265819982,0.002440814928943307,0.0010195250806131779,0.027228116737496692
HOUGANG ST 52,HOUGANG,1.376815853,103.8893684,0.00650587245747958,0.001326579510400848,0.0022574076228536475,0.028566435764826842
HOUGANG ST 61,HOUGANG,1.374862785,103.8863677,0.00467440540300457,0.0011863783685162937,0.001534496661344326,0.028788093569501027
HOUGANG ST 91,HOUGANG,1.377231607,103.8822031,0.006780454315238666,0.0003082156248863576,0.0017001473601695233,0.027128921922965385
HOUGANG ST 92,HOUGANG,1.373310036,103.8800394,0.003832594157782318,0.001074684483067542,0.0023071548309451764,0.027598488702245697
HOY FATT RD,BUKIT MERAH,1.288429756,103.8119298,0.001800298310061088,0.0030101224651384005,0.0018309888690188124,0.01612652214747476
INDUS RD,BUKIT MERAH,1.29160399,103.8277349,0.002862521228041035,0.0009516434733073431,0.0022048285664116084,0.011449342116325966
JELAPANG RD,BUKIT PANJANG,1.386134661,103.7671495,0.0042614459217872125,0.0002725519909166118,0.0008582177810545813,0.004330438132371708
JELEBU RD,BUKIT PANJANG,1.379589133,103.7640758,0.0005493880197074358,0.0009963148627645949,0.00029932516797605865,0.006631256649874489
JELLICOE RD,KALLANG/WHAMPOA,1.308129589,103.8622853,0.0007490463274485552,0.005174410148687422,0.0025379748739116194,0.011264609747463478
JLN BAHAGIA,KALLANG/WHAMPOA,1.32735034,103.8580046,0.00485777015416078,0.004102478452728054,0.002791869760119374,0.01778584360509555
JLN BATU,KALLANG/WHAMPOA,1.303089264,103.8833964,0.002150650928904588,0.004897089869112626,0.0021060976649571917,0.00528955376046419
JLN BERSEH,CENTRAL AREA,1.307354711,103.8575198,0.0013713878839098834,0.004739414831418915,0.0021104329955579696,0.010943251381471314
JLN BT HO SWEE,BUKIT MERAH,1.287526038,103.8296666,0.0014678932567650973,0.00347508024309371,0.0013033952496186371,0.01158489210272088
JLN BT MERAH,BUKIT MERAH,1.2838168,103.8194052,0.003199484598282215,0.001893439747524786,0.0034871629310302367,0.012074801214355226
JLN DAMAI,BEDOK,1.333680965,103.909418,0.001305854659481098,0.002659324169578687,0.008957956540362733,0.010833291670250505
JLN DUA,GEYLANG,1.309284124,103.8876539,0.0009496379735698228,0.0017220406434797155,0.005627643947636675,0.007449798590499003
JLN DUSUN,KALLANG/WHAMPOA,1.327939292,103.8439367,0.004737484544317443,0.004839002724423938,0.0011774446545412252,0.021222630968222207
JLN KAYU,SENGKANG,1.396826052,103.8730067,0.006435320640390023,0.003651057242026528,0.005383861005676229,0.019480017012938305
JLN KLINIK,BUKIT MERAH,1.287863373,103.8287429,0.0014952856773185223,0.0036720453024150753,0.0015745297238109002,0.01172177794907832
JLN KUKOH,CENTRAL AREA,1.288071338,103.8397185,0.0017637842183227657,0.00535222223920609,0.002089272088891109,0.008765292969018826
JLN MA'MOR,KALLANG/WHAMPOA,1.328377114,103.8571883,0.004176612151698154,0.00331335037192019,0.0029333826909030644,0.01816197427142478
JLN MEMBINA,BUKIT MERAH,1.283618512,103.8268322,0.002576495915872369,0.0006432141167366564,0.002704345683228267,0.011169955584436517
JLN RAJAH,KALLANG/WHAMPOA,1.328112988,103.8512534,0.004568388607230889,0.004472230719321165,0.0016264155251727716,0.019512634095138294
JLN RUMAH TINGGI,BUKIT MERAH,1.288007464,103.8094732,0.002595566850834507,0.002952247017477786,0.0013765048045669013,0.01688436604489637
JLN TECK WHYE,CHOA CHU KANG,1.380149959,103.7577459,0.0008795347470192552,0.00227618879787206,0.0004953229839221966,0.005543334343647069
JLN TENAGA,BEDOK,1.332676591,103.9066074,0.002331658589415218,0.0019255661043009152,0.008548653464102244,0.010306986561717782
JLN TENTERAM,KALLANG/WHAMPOA,1.327155632,103.8595204,0.004834420471652839,0.004143907023646287,0.0031362713326266636,0.01739545897528052
JLN TIGA,GEYLANG,1.308134307,103.8845173,0.0012681990856311376,0.0030289230638881207,0.00587119067003348,0.007684528209638796
JOO CHIAT RD,GEYLANG,1.305639707,103.9053274,0.005032158308972677,0.0014295830256271648,0.0004232256941476027,0.0021245960462724016
JOO SENG RD,TOA PAYOH,1.336555117,103.8818971,0.0020575242943619678,0.0017506903454003388,0.005488209451802601,0.01697103941257882
JURONG EAST AVE 1,JURONG EAST,1.344342216,103.7347408,0.002144013907839799,0.002104104597884033,0.005376117997535417,0.004833654149214025
JURONG EAST ST 13,JURONG EAST,1.337183561,103.7373051,0.004049802990440956,0.000734464246157043,0.0028985148826923637,0.002913199433407074
JURONG EAST ST 21,JURONG EAST,1.337171691,103.7433629,0.003886879911509363,0.001810519563793389,0.0024389723647640594,0.002675692761013332
JURONG EAST ST 24,JURONG EAST,1.342396083,103.7414691,0.001976836960367302,0.0004144535211638012,0.0076236943558612635,0.002566835072122508
JURONG EAST ST 31,JURONG EAST,1.347077838,103.7305042,0.003534778112666059,0.0020713456110982476,0.004067914000427365,0.005336698281524362
JURONG EAST ST 32,JURONG EAST,1.347289545,103.7337491,0.003896456269020353,0.0024976764898329814,0.004580174749304698,0.005104153764673224
JURONG WEST AVE 1,JURONG WEST,1.351267864,103.7213088,0.006566472678805857,0.003615057556669825,0.005266492655607505,0.0023206581689216347
JURONG WEST AVE 3,JURONG WEST,1.35222629,103.7047506,0.008732393858280122,0.005125798414669975,0.0038065777430428245,0.0021141613797631717
JURONG WEST AVE 5,JURONG WEST,1.346866071,103.6970503,0.0059398685520057415,0.0008361425324056458,0.001881760580251046,0.0015293284056523107
JURONG WEST CTRL 1,JURONG WEST,1.342797065,103.7053898,0.0037983773426715304,0.0018225144173494685,0.002160722122312504,0.0027020477857484858
JURONG WEST CTRL 3,JURONG WEST,1.340755561,103.7062824,0.0021520843505456405,0.0028967148196551574,0.001306803172730868,0.001872337846511715
JURONG WEST ST 24,JURONG WEST,1.350384442,103.706914,0.006869684751054229,0.0034946403817162903,0.0025983661521889324,0.0012330211581530399
JURONG WEST ST 25,JURONG WEST,1.354245967,103.703932,0.010663584401128811,0.0071002437990800625,0.0020156439155496354,0.002515277203850178
JURONG WEST ST 41,JURONG WEST,1.34850159,103.7232955,0.004274485000237219,0.0009343821987342652,0.0032053796479551175,0.003369831360200167
JURONG WEST ST 42,JURONG WEST,1.353375067,103.7216352,0.007465832862342815,0.005722004530262918,0.004799661718330634,0.001717647146036361
JURONG WEST ST 51,JURONG WEST,1.347875154,103.7205594,0.0036170815646730226,0.00030788968377858133,0.002339116684521273,0.0030033225878455675
JURONG WEST ST 52,JURONG WEST,1.348344812,103.717785,0.004145964056520139,0.0010774444853546641,0.0022957640402857865,0.0022511560914998405
JURONG WEST ST 61,JURONG WEST,1.338793091,103.6985286,0.0012265289731404436,0.002395492412864389,0.0019852969389754426,0.0017677365584127381
JURONG WEST ST 62,JURONG WEST,1.340703668,103.7009939,0.002399534276277667,0.0034622852833014637,0.001291666962284567,0.002176926549292235
JURONG WEST ST 64,JURONG WEST,1.341321565,103.7040069,0.0027579858572594758,0.0028041046739473194,0.0015767814220016933,0.0024896781605375008
JURONG WEST ST 65,JURONG WEST,1.339877806,103.7009692,0.0017291074511673749,0.003144974894160631,0.0013768652727819163,0.001559781420461949
JURONG WEST ST 71,JURONG WEST,1.342873161,103.6954959,0.0049023382068299395,0.0017369802815043428,0.001263544239411592,0.0030007165766269173
JURONG WEST ST 72,JURONG WEST,1.346201339,103.6989557,0.005288427003582231,0.0010439312852389667,0.002554544478058125,0.0011167200792015727
JURONG WEST ST 73,JURONG WEST,1.347301368,103.6997562,0.005622560883905018,0.0002083089002881466,0.0015076144536356507,0.0011510757578462906
JURONG WEST ST 74,JURONG WEST,1.34951018,103.6992649,0.007124093792944751,0.002342412633788094,0.0008385103060259949,0.0011639806150639139
JURONG WEST ST 75,JURONG WEST,1.34830619,103.6998715,0.0061964783845791915,0.0011311632633744968,0.0006406934663063692,0.0004278274384146188
JURONG WEST ST 81,JURONG WEST,1.34739612,103.6950917,0.006565754982518227,0.0012247390420479644,0.001467156996263456,0.001172544363135112
JURONG WEST ST 91,JURONG WEST,1.341937809,103.6899085,0.004672203270783598,0.0007539965387824409,0.0016861130455478148,0.004498019182790667
JURONG WEST ST 92,JURONG WEST,1.341383458,103.6901778,0.004137460655643936,0.0012689348454085051,0.0016319655843981859,0.004436430782470625
JURONG WEST ST 93,JURONG WEST,1.338270135,103.6930039,0.001222942300359966,0.001108977242146853,0.0033594819265468597,0.0031000566674751016
KALLANG BAHRU,KALLANG/WHAMPOA,1.318180493,103.8666464,0.0021441786782864115,0.003645075163160218,0.0057464360481317,0.016720035120358336
KANG CHING RD,JURONG WEST,1.339165606,103.7220831,0.0037242042363772178,0.001329902745235285,0.0035442723175841914,0.00365735406685812
KEAT HONG CL,CHOA CHU KANG,1.374722617,103.7426473,0.006011836689681314,0.003040363064017364,0.0026649724531636176,0.008757482142092524
KEAT HONG LINK,CHOA CHU KANG,1.375905813,103.748959,0.004343666978900298,0.0023066277633148,0.0017053593732552874,0.009227940158254039
KELANTAN RD,CENTRAL AREA,1.305575442,103.85632,0.0004852368712902705,0.005500481962274889,0.0016106318865052476,0.0094828467173905
KENT RD,KALLANG/WHAMPOA,1.316292577,103.8521212,0.003222076298477461,0.0019497137409227407,0.0022508927217527635,0.01879007340748976
KG ARANG RD,KALLANG/WHAMPOA,1.30035142,103.8821945,0.003063115297470628,0.006809331984610928,0.0024669974790734405,0.0026629591470458476
KG KAYU RD,KALLANG/WHAMPOA,1.30343642,103.8844522,0.0024900969375940708,0.004496284728410218,0.0025108254889449613,0.005485837816540736
KIM CHENG ST,BUKIT MERAH,1.284762643,103.8319039,0.0019890718083214404,0.0017689677259769255,0.0018738557598641098,0.012026767291833827
KIM KEAT AVE,TOA PAYOH,1.333401865,103.8579887,0.002581296799841567,0.0029175632139296997,0.002368822743871582,0.01963988288651119
KIM KEAT LINK,TOA PAYOH,1.331208714,103.8549555,0.0022303961001686563,0.0024701520055276857,0.001453122857632858,0.019442502682687435
KIM PONG RD,BUKIT MERAH,1.285148148,103.8301769,0.0013762524812335611,0.001516283121166001,0.0012917440194249038,0.012458088867987289
KIM TIAN PL,BUKIT MERAH,1.283489569,103.8286967,0.002747075315880522,0.001060532814639654,0.0028149477282363874,0.010919811449256458
KIM TIAN RD,BUKIT MERAH,1.282613065,103.8277476,0.0035877533780545607,0.001677548228071084,0.003687601242971176,0.010131541279478082
KING GEORGE'S AVE,KALLANG/WHAMPOA,1.309067915,103.8606006,0.0017693063302522585,0.004158145858766747,0.0015939854525394803,0.012286890842063228
KLANG LANE,CENTRAL AREA,1.308535667,103.8523068,0.0014419927614709995,0.0030506704378768425,0.0016408959330217045,0.01258766541507356
KRETA AYER RD,CENTRAL AREA,1.281252317,103.8421525,0.0008728657094206556,0.005471693925960071,0.0027953372242333118,0.008135679404061926
LENGKOK BAHRU,BUKIT MERAH,1.287083965,103.8136773,0.002689690828932897,0.0015785943422256814,0.0023572684234875432,0.015717414952759606
LENGKONG TIGA,BEDOK,1.324542988,103.9113949,0.0035160899706466638,0.0046250204438310185,0.004340872320722422,0.004576542055825097
LIM LIAK ST,BUKIT MERAH,1.285414138,103.8314798,0.0014819543324984476,0.0019692829434967024,0.001299893582666281,0.012007304249271858
LOMPANG RD,BUKIT PANJANG,1.380083487,103.7655632,0.000980908590289636,0.0008902792215350018,0.0003012911169821243,0.006393454418828456
LOR 1 TOA PAYOH,TOA PAYOH,1.339847906,103.8481714,0.0004136071298742289,0.0017484456403905515,0.007843760461205917,0.022942586100157918
LOR 1A TOA PAYOH,TOA PAYOH,1.33715071,103.8447003,0.001209370844617609,0.0005968109987543598,0.005276273056096982,0.02367145346401311
LOR 2 TOA PAYOH,TOA PAYOH,1.33617921,103.8463207,0.001958028818440523,0.001174775004070629,0.004246732860747922,0.023348052814608188
LOR 3 GEYLANG,KALLANG/WHAMPOA,1.315124341,103.8730864,0.0028182638963720518,0.003663272248563828,0.0048556266793583725,0.013810266695802577
LOR 3 TOA PAYOH,TOA PAYOH,1.338289372,103.8479971,0.001838048494556368,0.0009711471447143531,0.006290383930711054,0.023991847158986404
LOR 4 TOA PAYOH,TOA PAYOH,1.335682432,103.8508413,0.003106331603536808,0.001864527225634452,0.0036759414398105845,0.02218737747319079
LOR 5 TOA PAYOH,TOA PAYOH,1.336602206,103.8526851,0.003134528585384643,0.0010230366399373674,0.004636178562090408,0.022289693150725393
LOR 6 TOA PAYOH,TOA PAYOH,1.338299869,103.8534128,0.002365129898310839,0.001053376930801601,0.0063407987412990394,0.023101048536310734
LOR 7 TOA PAYOH,TOA PAYOH,1.337546313,103.8564648,0.0033955459524045153,0.0002667661980585075,0.005744595946153529,0.02208902900722663
LOR 8 TOA PAYOH,TOA PAYOH,1.339901784,103.8565136,0.002241309967350081,0.0004774991739818031,0.008038843565892054,0.023530385458489192
LOR AH SOO,HOUGANG,1.351575205,103.8847996,0.0030352728626300497,0.002102777161938219,0.0023028981328485623,0.025174996319354073
LOR LEW LIAN,SERANGOON,1.350252938,103.8773373,0.001582846969597606,0.001845898244819638,0.0012998409787732623,0.023855363295784117
LOR LIMAU,KALLANG/WHAMPOA,1.324234858,103.8550078,0.00460083914616018,0.002556965196498953,0.0033189966354299524,0.018316357370947008
LOWER DELTA RD,BUKIT MERAH,1.280753939,103.8238345,0.004670245333826521,0.0035096160776893768,0.005675198211035845,0.008766537450733327
MACPHERSON LANE,GEYLANG,1.33209724,103.8852429,0.0031338360750836052,0.004158139190246292,0.003922106719506214,0.013446067908632913
MARGARET DR,QUEENSTOWN,1.296971112,103.8083051,0.002494743116788484,0.0013926425904018341,0.0073277686137567756,0.017606652693370157
MARINE CRES,MARINE PARADE,1.305614776,103.9119743,0.0065557784493189995,0.0008997611868976276,0.001859378008162793,0.0005133319177803011
MARINE DR,MARINE PARADE,1.30375229,103.9090322,0.006973388477306613,0.0027839179641963208,0.001432899325763954,0.0015548893275979835
MARINE PARADE CTRL,MARINE PARADE,1.302331602,103.9065169,0.007268630344208377,0.0033669969252264893,0.0004652666592880439,0.0005089642963171459
MARINE TER,MARINE PARADE,1.305200837,103.9152774,0.007515889323861976,0.000658670750466633,0.0026860929448797913,0.0009353657944914735
MARSILING CRES,WOODLANDS,1.448348156,103.7748725,0.0013230711376020548,0.0035795800695244675,0.003944726425935776,0.03800233071916275
MARSILING DR,WOODLANDS,1.442435906,103.7750644,0.0038267903293371223,0.001748332869821912,0.0020468731764825263,0.03322505166002495
MARSILING LANE,WOODLANDS,1.44535146,103.7758654,0.0031821326994238186,0.002639839542108744,0.002802083964144933,0.03547230731284661
MARSILING RD,WOODLANDS,1.438873157,103.7761594,0.0032216513979229314,0.0035368382286611244,0.0030841830847445177,0.030449493242673372
MARSILING RISE,WOODLANDS,1.439541682,103.7811777,0.0027661734209299287,0.0026614812157580003,0.0027977552139204164,0.030502899741068262
MCNAIR RD,KALLANG/WHAMPOA,1.319683618,103.858086,0.0009454457384355268,0.0020794665448867706,0.0035173334879263613,0.018249549373861487
MEI LING ST,QUEENSTOWN,1.294454242,103.8032205,0.0007852499623005917,0.0016392421054407164,0.005558503525758363,0.018399677680582663
MOH GUAN TER,BUKIT MERAH,1.284018039,103.8305044,0.0023902499078376814,0.001301780335245053,0.0023803242258179564,0.011343556457853466
MONTREAL DR,SEMBAWANG,1.451892327,103.8244357,0.0029116761872407877,0.00025440517917049135,0.003746121882709071,0.038450483973321826
MONTREAL LINK,SEMBAWANG,1.450831054,103.8268814,0.001979016047816209,0.0012180492372148596,0.002785187022737372,0.03735422529360948
MOULMEIN RD,KALLANG/WHAMPOA,1.319277871,103.8485032,0.001523236141865921,0.0020959645283144574,0.0013186959118792554,0.020653568234521153
NEW MKT RD,CENTRAL AREA,1.287338617,103.8446828,0.0004173776839925657,0.006124985090776521,0.0008417352560019396,0.00783655009297493
NEW UPP CHANGI RD,BEDOK,1.324605106,103.9350566,0.0013722883734503814,0.0013487019809381789,0.0014369181444596174,0.0013494615316246572
NTH BRIDGE RD,KALLANG/WHAMPOA,1.294881912,103.8528173,0.0018934943129995277,0.0011709193072002022,0.0009480908156643073,0.005814262478020289
OLD AIRPORT RD,GEYLANG,1.307833411,103.885752,0.0010914215614954747,0.0032338933963071757,0.005674960608025345,0.007245015048399684
OWEN RD,KALLANG/WHAMPOA,1.314792189,103.8522697,0.0017683844903811526,0.0024534985038753613,0.0032171613329812863,0.018016845265187306
PANDAN GDNS,JURONG EAST,1.320484492,103.7478404,0.006904911259712293,0.0035326411315442854,0.006064556552938614,0.0008548106095317592
PASIR RIS DR 1,PASIR RIS,1.371191705,103.9488374,0.0018183059392858942,0.0020557794021332683,0.00116925718397963,0.03965860709350188
PASIR RIS DR 10,PASIR RIS,1.37986131,103.938164,0.007180720617859608,0.0024945278182141946,0.0021116365603542167,0.03572116026577954
PASIR RIS DR 3,PASIR RIS,1.375077256,103.951678,0.00212228616263799,0.0013949303805141126,0.0017010085059076664,0.04048299166984744
PASIR RIS DR 4,PASIR RIS,1.373801414,103.9608365,0.0024039639218907402,0.0015360064691173237,0.002610745880104517,0.04237265382271722
PASIR RIS DR 6,PASIR RIS,1.372224488,103.9567567,0.0016701902661326396,0.00024180155559634826,0.0013761645237145355,0.04141512973547628
PASIR RIS ST 11,PASIR RIS,1.365129337,103.9586131,0.00809820049273403,0.0006358447559869303,0.00229142635337256,0.03625601791141215
PASIR RIS ST 12,PASIR RIS,1.36676676,103.958831,0.00652663611108763,0.0012818624562018451,0.0012128410311786721,0.03789036340778492
PASIR RIS ST 13,PASIR RIS,1.363579634,103.9616641,0.007533250830885349,0.001983391728391432,0.0035390225079688607,0.034687074869127185
PASIR RIS ST 21,PASIR RIS,1.368299366,103.9623338,0.005377844584304813,0.0022862606894344674,0.0013175507214597745,0.039403393019441
PASIR RIS ST 41,PASIR RIS,1.372946614,103.9587618,0.0018674031836565894,0.000594671894251379,0.0018628666568315632,0.041966959693274145
PASIR RIS ST 51,PASIR RIS,1.368211488,103.9500957,0.004799404459272606,0.0003069990477992776,0.0031491638349388303,0.0393679794140121
PASIR RIS ST 52,PASIR RIS,1.374889436,103.9461502,0.0019775589485598057,0.00042613709427228983,0.0025122812273457667,0.03953957900419854
PASIR RIS ST 53,PASIR RIS,1.374236033,103.9469837,0.001306782922778009,0.0004557247641035849,0.0019702403171120617,0.039925229865616765
PASIR RIS ST 71,PASIR RIS,1.375749936,103.9373131,0.003599755191547207,0.0005196912389810384,0.002362840858708374,0.037631765046312195
PASIR RIS ST 72,PASIR RIS,1.380629167,103.9365091,0.008007820483363553,0.0032994975886830934,0.0029410013952148066,0.034922350461412136
PAYA LEBAR WAY,GEYLANG,1.322960088,103.8835345,0.003368473159220969,0.0020908036179436706,0.004710404834658173,0.01143286604125663
PENDING RD,BUKIT PANJANG,1.376473865,103.7711821,0.0036327696636441684,0.002873649428103042,0.0023981267710949743,0.009999712479046447
PETIR RD,BUKIT PANJANG,1.374936427,103.7709426,0.00499075538421573,0.0013497995115692057,0.003736289638549514,0.01134012757601021
PINE CL,GEYLANG,1.308174211,103.8829205,0.0016671229676626705,0.0031518508246270714,0.005595833417280463,0.00800968040905732
PIPIT RD,GEYLANG,1.323806832,103.8868782,0.003126709562120801,0.0017425368261417139,0.005186708369350276,0.010548425614216726
POTONG PASIR AVE 1,TOA PAYOH,1.335131317,103.8670165,0.003793645606477524,0.0020585637370386747,0.003127940152688983,0.01869433395433027
POTONG PASIR AVE 2,TOA PAYOH,1.33236771,103.8671313,0.0011217934454324304,0.0013762868816518858,0.0004963143679794743,0.017250368574812353
POTONG PASIR AVE 3,TOA PAYOH,1.333710432,103.8651773,0.002532960058635878,0.0026524694125283693,0.0018725668111798952,0.018297487960830087
PUNGGOL CTRL,PUNGGOL,1.399511809,103.911158,0.005120357501593417,0.00038483330620022425,0.0033344595993248264,0.01576819292887914
PUNGGOL DR,PUNGGOL,1.402633278,103.9125114,0.002480087854103334,0.002004258172768643,0.00024788194557040895,0.0126487347922085
PUNGGOL EAST,PUNGGOL,1.395335509,103.9164806,0.005153370279120002,0.0013545208037623409,0.0013016866803140389,0.019964033546827634
PUNGGOL FIELD,PUNGGOL,1.399624609,103.9055961,0.004810355411830621,0.0006038003141970278,0.003463341568029303,0.015680989748616633
PUNGGOL FIELD WALK,PUNGGOL,1.392036904,103.9126164,0.0030582551843507015,0.0026776402283260475,0.001458432527955385,0.02324444049933109
PUNGGOL PL,PUNGGOL,1.403188329,103.9031328,0.0012229560773788675,0.001502791426001659,0.0017630659144239683,0.01215947579949431
PUNGGOL RD,PUNGGOL,1.395383558,103.9024519,0.0038378884930309267,0.0013181759457437908,0.0022252179138374673,0.01994730088082714
PUNGGOL WALK,PUNGGOL,1.405472113,103.9005014,0.001104075260922952,0.0008333582109362073,0.0009806362780047583,0.009953061931031133
PUNGGOL WAY,PUNGGOL,1.410644652,103.8998481,0.0062570147236937585,0.0009689102683047312,0.004248678164420837,0.004961768204701783
QUEEN ST,CENTRAL AREA,1.299660586,103.8534651,0.0008340885458410315,0.005461975891115377,0.00010596152812675492,0.005887124884817913
QUEEN'S CL,QUEENSTOWN,1.293305021,103.7999302,0.0020917244739217257,0.003091673339549796,0.004642755382350854,0.01916640239116336
QUEEN'S RD,BUKIT TIMAH,1.320830188,103.8093023,0.00216200813602216,0.0003843328260934301,0.004435704346773809,0.015951414896071797
QUEENSWAY,QUEENSTOWN,1.299651029,103.8009343,0.0036104686216031343,0.00022306674466567231,0.006640282034335233,0.019647643161916056
RACE COURSE RD,KALLANG/WHAMPOA,1.311871519,103.8530494,0.0013414675811961002,0.0007669506560932322,0.00100232264206793,0.015565429717487495
REDHILL CL,BUKIT MERAH,1.286753521,103.8170404,0.002848788314027577,0.0012318832872776548,0.003132992296150717,0.015032546466962787
REDHILL LANE,BUKIT MERAH,1.288263291,103.8185858,0.0014640944914215174,0.0028005386977881003,0.003306110711957133,0.014349494826733667
REDHILL RD,BUKIT MERAH,1.287913678,103.8163841,0.0017237200148387797,0.0023303388353807845,0.0031652591239377183,0.015028814012473269
RIVERVALE CRES,SENGKANG,1.391838415,103.907349,0.002110256767094868,0.002706535343340621,0.0006364706722377629,0.023449902756948245
RIVERVALE DR,SENGKANG,1.387392356,103.9044878,0.004256129642174686,0.0004056096415392303,0.0019429357448243374,0.027909848444379083
RIVERVALE ST,SENGKANG,1.38862211,103.9034474,0.003434125047022829,0.0010993563438196695,0.0031292749448633916,0.026688778756436472
RIVERVALE WALK,SENGKANG,1.38347583,103.9008747,0.001472603453536254,0.001125547305631478,0.0015987124629162114,0.029046134229977393
ROWELL RD,CENTRAL AREA,1.308592237,103.8550926,0.0019183759497773663,0.0037383141557019955,0.001368282794546848,0.012329502740863557
SAGO LANE,CENTRAL AREA,1.281461191,103.8440925,0.00092980939795515,0.005839947024386598,0.0026186704387356112,0.008259387219610302
SAUJANA RD,BUKIT PANJANG,1.38256949,103.7670166,0.0032027520153879003,0.0016799670413884496,0.0012357928651688683,0.004914945159484856
SEGAR RD,BUKIT PANJANG,1.388766332,103.7707884,0.005905355163552194,0.0010698047535418395,0.0035718647353446672,0.0060755506393286125
SELEGIE RD,CENTRAL AREA,1.303244116,103.8501254,0.0009258853303660144,0.0065604447783053,0.000839685471546555,0.008640695212186725
SEMBAWANG CL,SEMBAWANG,1.447577129,103.8174049,0.0014875670118812522,0.001995405393147886,0.0006668866005912656,0.03478753292534409
SEMBAWANG CRES,SEMBAWANG,1.444803427,103.8167119,0.0023838702733241656,0.0006070756434415146,0.002162420082926248,0.03232600721011645
SEMBAWANG DR,SEMBAWANG,1.452734356,103.8169889,0.0037267741280993644,0.0010283265415969955,0.004549699382194658,0.03955212705654847
SEMBAWANG VISTA,SEMBAWANG,1.447427408,103.8208087,0.0016013684295383963,0.0023538714508476305,0.0007844897976766374,0.03447900971930627
SEMBAWANG WAY,SEMBAWANG,1.448735832,103.8164151,0.0005382809921519507,0.0024840650826210156,0.0006569899777690379,0.03589306131129603
SENG POH RD,BUKIT MERAH,1.285206152,103.8329853,0.0019523637179454819,0.002220095570883483,0.001757074588952677,0.01174925399061076
SENGKANG CTRL,SENGKANG,1.38480879,103.8933373,0.001115890877016655,0.0011026505480736372,0.0017416382090627814,0.027511592230206897
SENGKANG EAST AVE,SENGKANG,1.386863038,103.8934863,0.0031698876872067604,0.0017872009895383112,0.002069337140634377,0.027444033048727154
SENGKANG EAST RD,SENGKANG,1.390743561,103.8926165,0.0011277596604823176,0.0010461686236016246,0.0013815780092656129,0.02472901490734195
SENGKANG EAST WAY,SENGKANG,1.39250844,103.8966823,0.0007903487684897784,0.0010205946915363261,0.0005374244306852908,0.022896773696977457
SENGKANG WEST AVE,SENGKANG,1.391173984,103.8765348,0.0034323779544285318,0.0009486166432738196,0.00030504890138598954,0.02475491632296291
SENGKANG WEST WAY,SENGKANG,1.395447253,103.8771684,0.004914065252078156,0.0023619978591928772,0.003981351721139932,0.020602570700251455
SENJA LINK,BUKIT PANJANG,1.387248481,103.7627263,0.003859029117392638,0.0016460707284250953,0.0020526132684281183,0.004008109391441194
SENJA RD,BUKIT PANJANG,1.386735078,103.761992,0.0035156478962324136,0.0013595659135166305,0.0016314384622232224,0.0036401487940635998
SERANGOON AVE 1,SERANGOON,1.347640831,103.8751198,0.0035216224528975253,0.0017565336613156342,0.0032457165201536346,0.024140357492854595
SERANGOON AVE 2,SERANGOON,1.351702661,103.8699198,0.0007006595371376443,0.002643984124400343,0.0009961805431822363,0.021969890916273046
SERANGOON AVE 3,SERANGOON,1.351623383,103.8682771,0.0007591097499511386,0.0023774131656422786,0.001142098606454154,0.021633633411378105
SERANGOON AVE 4,SERANGOON,1.358264673,103.8706899,0.003330973063326117,0.001640386362258524,0.003301724688316343,0.021911657167443917
SERANGOON CTRL,SERANGOON,1.351225405,103.8730237,0.00046099999374424956,0.002756010606576611,0.0004736864041356251,0.022724165706739408
SERANGOON CTRL DR,SERANGOON,1.354763657,103.8715766,0.003547061978918385,0.003115444335489903,0.002018903462589152,0.021976153889932997
SERANGOON NTH AVE 1,SERANGOON,1.36647638,103.8725934,0.00552410580860678,0.004386181110439335,0.002035598664905166,0.02368218178315008
SERANGOON NTH AVE 2,SERANGOON,1.369209469,103.8749214,0.003640618552000467,0.0027238034376258677,0.004545578319743508,0.024977565252239094
SERANGOON NTH AVE 3,SERANGOON,1.373055679,103.8715625,0.004915662054742328,0.0006957440271994907,0.0029897929865924776,0.026016341310757266
SERANGOON NTH AVE 4,SERANGOON,1.373797055,103.8733486,0.005092011115493487,0.0009626370796288005,0.0021753954762238205,0.026690370857000156
SHUNFU RD,BISHAN,1.351922005,103.8376231,0.002694949494292731,0.0028474975738016837,0.001348705270284246,0.015046496825084162
SILAT AVE,BUKIT MERAH,1.276648108,103.8304991,0.0044964630825057115,0.0017621611072787763,0.0042991538075003435,0.004234405779959794
SIMEI LANE,TAMPINES,1.343463709,103.9584491,0.0011898689877359652,0.003540555560635004,0.0014400702130411016,0.014640641025597687
SIMEI RD,TAMPINES,1.344640679,103.9576059,0.0017632396092621102,0.004119062481429732,0.0021925874136391153,0.01583119883247988
SIMEI ST 1,TAMPINES,1.345568128,103.9543872,0.0024190630919583506,0.003039104314462367,0.0028785363634741064,0.016844558729475576
SIMEI ST 2,TAMPINES,1.344140222,103.9555891,0.0011022569560018654,0.003988652426166384,0.00154641163137555,0.01539257068747785
SIMEI ST 4,TAMPINES,1.342204165,103.9559426,0.0011219154888770073,0.002159499469497866,0.0008294868437646846,0.013466857331315706
SIMEI ST 5,TAMPINES,1.344053697,103.9540435,0.0009069956380660052,0.0038478779521773218,0.001367210060939412,0.015361697472028034
SIMS AVE,GEYLANG,1.316077071,103.8867349,0.001016924957418772,0.0016791901823866185,0.002104571493177242,0.012186073095128936
SIMS DR,GEYLANG,1.318326667,103.8789386,0.0021385760005217004,0.0014309587040126583,0.00343933752887583,0.013853028586917266
SIMS PL,GEYLANG,1.317236581,103.8799074,0.00110560550422607,0.0010490424613310283,0.003262399146169121,0.014140115550359805
SIN MING AVE,BISHAN,1.363444234,103.8360951,0.0006787266884206712,0.0029309237610327245,0.00618921125581014,0.015693724681254097
SIN MING RD,BISHAN,1.356019383,103.8376589,0.0018990478680262393,0.0021501826956421997,0.0022839395624833273,0.01473157640012046
SMITH ST,CENTRAL AREA,1.282639465,103.8439622,0.0013448537335451678,0.005341209521780019,0.001458207225955054,0.009434726271172224
SPOTTISWOODE PK RD,BUKIT MERAH,1.275470518,103.8371932,0.002801906149044052,0.0008060470616564404,0.0020313469529344742,0.00266110369395795
ST. GEORGE'S LANE,KALLANG/WHAMPOA,1.32255307,103.8617718,0.0026096855984636394,0.0011607219808731533,0.00510350236923582,0.01678623506579288
ST. GEORGE'S RD,KALLANG/WHAMPOA,1.323296088,103.8623937,0.003021917303834453,0.0016577456631711083,0.005306042882553226,0.01656043744563089
STIRLING RD,QUEENSTOWN,1.295366451,103.8043783,0.0009377062725046862,0.0008912983005230029,0.006440554423420565,0.018245521423534115
STRATHMORE AVE,QUEENSTOWN,1.293779103,103.8099868,0.0013174749442158586,0.0019324550978939662,0.004992610332483454,0.01647623031721463
SUMANG LANE,PUNGGOL,1.402592655,103.8923918,0.002417048924843032,0.001294341730591536,0.0035323860614419173,0.013040474604534122
SUMANG LINK,PUNGGOL,1.410680161,103.9001695,0.006289717912695209,0.0009443644820987864,0.00427977438700974,0.004910632200454727
SUMANG WALK,PUNGGOL,1.40837528,103.8959354,0.00410118041736792,0.0016220354907478802,0.0022104383250440038,0.007310446155227159
TAH CHING RD,JURONG WEST,1.337678187,103.7230735,0.004029368999572718,0.001264569393014867,0.002897576781357806,0.0040686946788358
TAMAN HO SWEE,BUKIT MERAH,1.287924064,103.8319973,0.0007307208500251273,0.004005660765318566,0.0019579334576522384,0.010839507584038427
TAMPINES AVE 1,TAMPINES,1.346608438,103.9338393,0.0014229919846118402,0.0012828845177298561,0.003196109965686556,0.01910406839426913
TAMPINES AVE 4,TAMPINES,1.351826135,103.9422857,0.003327940631236444,0.001856756806960739,0.0006353259389703014,0.023499359463938496
TAMPINES AVE 5,TAMPINES,1.35050559,103.9416256,0.004654456199123955,0.0015049221721071492,0.0019225213237022123,0.022252121666490945
TAMPINES AVE 7,TAMPINES,1.35678596,103.9510264,0.0009706743655714438,0.0005180939278742524,0.004031293942344541,0.028061005791868817
TAMPINES AVE 8,TAMPINES,1.352939138,103.9306378,0.003459610999086093,0.0035363041477976744,0.002125296094104046,0.025271693174610706
TAMPINES AVE 9,TAMPINES,1.360363002,103.9432794,0.004810118430372242,0.0011429976571009236,0.006899320375183152,0.03183258143007972
TAMPINES CTRL 1,TAMPINES,1.354738512,103.9451767,0.0006205117320442396,0.0025236072541162096,0.0016482665862282498,0.026222267750294112
TAMPINES CTRL 7,TAMPINES,1.358223605,103.9401336,0.0031333694560230344,0.0011804780631135257,0.00472766934153835,0.029847536403202514
TAMPINES CTRL 8,TAMPINES,1.356728879,103.9405963,0.0016602313298797898,0.0014618000627351852,0.0032344215922414025,0.028363831014184767
TAMPINES ST 11,TAMPINES,1.345696157,103.9469253,0.0018835235004914573,0.0020304126232972087,0.0032892365503569853,0.017302773683771852
TAMPINES ST 12,TAMPINES,1.34992625,103.9451965,0.00454143734146322,0.001565410054361787,0.0024605987365434734,0.021505298960893995
TAMPINES ST 21,TAMPINES,1.35169638,103.9489589,0.0036846019112964905,0.0005202121911264981,0.0012744983452965977,0.023084769063296293
TAMPINES ST 22,TAMPINES,1.349367771,103.9509402,0.0046412438631517495,0.0008369702266560878,0.0033795138527649006,0.020716721373368278
TAMPINES ST 23,TAMPINES,1.353927035,103.9533798,0.0022803209445729005,0.0021795385511224593,0.002284313608353504,0.025163340813601005
TAMPINES ST 24,TAMPINES,1.355521038,103.9517344,0.000912200987160898,0.0016875715123709778,0.003208228949374952,0.02678712634132198
TAMPINES ST 32,TAMPINES,1.353906757,103.9579838,0.0023945898691731847,0.0014595197551040041,0.0031366167490249814,0.0250560151151791
TAMPINES ST 33,TAMPINES,1.352276983,103.9601319,0.00408883029225942,0.0005269110898314449,0.003339399995960514,0.023402223055639885
TAMPINES ST 34,TAMPINES,1.35595105,103.9601366,0.001196779563738834,0.002611411341199027,0.004706110522694113,0.02707246240856164
TAMPINES ST 41,TAMPINES,1.358992286,103.9490008,0.0030439149848400277,0.0014852467667912023,0.0058110958969416465,0.030303086471501386
TAMPINES ST 42,TAMPINES,1.358680879,103.9523067,0.0025377223481345247,0.0017014610853512693,0.005796816884556769,0.029914874655310397
TAMPINES ST 43,TAMPINES,1.361365295,103.9520154,0.005203080531120177,0.0011224142039922109,0.0062610997757480595,0.03259239951938606
TAMPINES ST 44,TAMPINES,1.360213331,103.9537674,0.004026006808394194,0.0010855610036784346,0.007208270473946832,0.03141227953433848
TAMPINES ST 45,TAMPINES,1.359286834,103.9578089,0.003167288269547996,0.0022430108705478865,0.006696135576026783,0.03042842049436444
TAMPINES ST 61,TAMPINES,1.362830257,103.9370277,0.007596302577100087,0.0033821994643366956,0.007055665928159405,0.03449188480085446
TAMPINES ST 71,TAMPINES,1.357846176,103.9333205,0.00339306230040313,0.00045148759644243503,0.004587289027881011,0.02980556998678146
TAMPINES ST 72,TAMPINES,1.359483008,103.934552,0.004688494403372319,0.0018376165125314288,0.00610383064031011,0.031330465607767206
TAMPINES ST 81,TAMPINES,1.348618668,103.9337714,0.0031633580669210765,0.0011154982020400235,0.004344398087276449,0.02097553310346745
TAMPINES ST 82,TAMPINES,1.35163555,103.9365655,0.0037797199775627035,0.0020288321120848236,0.0017352343283913564,0.02363721296535997
TAMPINES ST 83,TAMPINES,1.353389338,103.9345068,0.0025374155691840067,0.003796064427065912,0.0012193149592436689,0.025445201772254233
TAMPINES ST 84,TAMPINES,1.352806857,103.9325004,0.003256290107244046,0.0032925983021441026,0.001787634726107511,0.025018403379654254
TAMPINES ST 86,TAMPINES,1.353032557,103.9291417,0.0036573659818237344,0.0037439459477290743,0.002418324570962235,0.02546672330615842
TAMPINES ST 91,TAMPINES,1.348440806,103.9390604,0.0028099749240804634,0.0005711699751147815,0.004062541222912564,0.02042338617017888
TANGLIN HALT RD,QUEENSTOWN,1.301618081,103.7979105,0.0033514997937727324,0.002060948735332695,0.0045396127942935165,0.02070627083094373
TAO CHING RD,JURONG WEST,1.33301608,103.7241654,0.004243804425840411,0.0044675284942725015,0.0020247667044011645,0.004244151079910981
TEBAN GDNS RD,JURONG EAST,1.32209764,103.7416644,0.009121165578361866,0.005614407266589032,0.008272826610743448,0.0022538316564863587
TECK WHYE AVE,CHOA CHU KANG,1.38138721,103.7540626,0.002269723659807121,0.0014914181652629062,0.0013724853458273471,0.004125989687720147
TECK WHYE CRES,CHOA CHU KANG,1.382853213,103.7529153,0.0029689784705675386,0.0007998426239431481,0.0026356971899770295,0.002749477608511702
TECK WHYE LANE,CHOA CHU KANG,1.379187993,103.7526727,0.0016626723060106509,0.002516945964800541,0.0008602855604571262,0.006108134758857207
TELOK BLANGAH CRES,BUKIT MERAH,1.277314027,103.820226,0.006414502233069315,0.0026218013229175312,0.00728378766816721,0.006571553066756911
TELOK BLANGAH DR,BUKIT MERAH,1.273182801,103.8078455,0.0015345188873711203,0.002946552598755609,0.010516589052501024,0.0074877593553588275
TELOK BLANGAH HTS,BUKIT MERAH,1.276809239,103.8114023,0.005015465243439852,0.001059189221492611,0.009586958154847704,0.008380240430282668
TELOK BLANGAH RISE,BUKIT MERAH,1.272915492,103.8212495,0.004040961502982444,0.002216254481292584,0.00671556466828079,0.004023863247157173
TELOK BLANGAH ST 31,BUKIT MERAH,1.275354048,103.8068223,0.003147594497581555,0.0009291395768991537,0.01071095062009833,0.008832582973721394
TELOK BLANGAH WAY,BUKIT MERAH,1.276061496,103.8191417,0.005895710967343739,0.0018368510925394074,0.007235787871964405,0.006059346670474203
TESSENSOHN RD,KALLANG/WHAMPOA,1.315506019,103.8561183,0.002390873139368794,0.003224037665024512,0.003509527091913015,0.017519910948552393
TG PAGAR PLAZA,CENTRAL AREA,1.27572127,103.8430421,0.0012362943325675208,0.000929801356477872,0.0011399136400805448,0.0027625469985829596
TIONG BAHRU RD,BUKIT MERAH,1.285170704,103.8340613,0.0022347582712454574,0.002481485609575995,0.002022465626668313,0.011511297326851246
TOA PAYOH CTRL,TOA PAYOH,1.33439281,103.8490167,0.001827677935802081,0.0023513437995859652,0.002387001114733518,0.021966715646301604
TOA PAYOH EAST,TOA PAYOH,1.33427968,103.8574545,0.002868125017562696,0.0031243519291215688,0.0028877677893781226,0.020156171648846696
TOA PAYOH NTH,TOA PAYOH,1.341768306,103.849234,0.0017563260046768753,0.0020358463509324762,0.008549273352966468,0.02188426025692614
TOH GUAN RD,JURONG EAST,1.336440832,103.7476376,0.0033968746985262198,0.0026787227561603727,0.0015751070131485734,0.003289183368251097
TOH YI DR,BUKIT TIMAH,1.338219735,103.771655,0.002840973798356636,0.0010392713159992995,0.0016482719741005075,0.006889782213910005
TOWNER RD,KALLANG/WHAMPOA,1.319943877,103.8586913,0.0007583426914009624,0.001835051070210569,0.003654810477243369,0.018035330360967834
UBI AVE 1,GEYLANG,1.326428814,103.8981263,0.00200510030716614,0.0021804317699782687,0.007474370315085814,0.00811675630370296
UPP ALJUNIED LANE,TOA PAYOH,1.334454817,103.8795145,0.002175199116346392,0.001453415622602863,0.003523917812441991,0.015951366241483647
UPP BOON KENG RD,KALLANG/WHAMPOA,1.314574067,103.8720873,0.0024821271098445807,0.004228595966572307,0.004251932433329189,0.01365988416782444
UPP CROSS ST,CENTRAL AREA,1.285690974,103.8433944,0.001728390242925199,0.005135864358005463,0.0008645512386724861,0.009063744568667126
UPP SERANGOON CRES,HOUGANG,1.37748771,103.9004326,0.006361430016825981,0.002872466424294069,0.0030232776772459117,0.030340951323357235
UPP SERANGOON RD,HOUGANG,1.357894093,103.8824381,0.0020538871929998313,0.0016977327738675455,0.0017449597523416722,0.024344578004095112
UPP SERANGOON VIEW,HOUGANG,1.37495043,103.9030348,0.005079542724938508,0.001718025610653968,0.0030522330453752306,0.03171916247097945
VEERASAMY RD,CENTRAL AREA,1.307549585,103.8544126,0.0012287763431189597,0.003928445476816,0.0016428286025224885,0.01146087202914468
WATERLOO ST,CENTRAL AREA,1.298928664,103.8515158,0.0003122063426727761,0.0046457154960785245,0.0008051783231061687,0.006138649045555198
WELLINGTON CIRCLE,SEMBAWANG,1.452875929,103.8220961,0.003856343805611497,0.0009560520373955318,0.004692191513905148,0.039468710984357384
WEST COAST DR,CLEMENTI,1.313831731,103.759287,0.001972510374131396,0.000881768461509874,0.0015514913130936741,0.007135946680555451
WEST COAST RD,CLEMENTI,1.310284203,103.756399,0.005327727045660073,0.0029822121009882414,0.004570763735371357,0.010134241475669851
WHAMPOA DR,KALLANG/WHAMPOA,1.32382537,103.8564028,0.00409908202490314,0.00208716847761053,0.0038062502476465306,0.017990802491940593
WHAMPOA RD,KALLANG/WHAMPOA,1.326166088,103.8563823,0.006069855281564446,0.004416595591854459,0.002500974544714129,0.01803667002603084
WHAMPOA STH,KALLANG/WHAMPOA,1.324359286,103.8669335,0.0032675547680452235,0.0025742333687028282,0.005580946088920575,0.015404620462900595
WHAMPOA WEST,KALLANG/WHAMPOA,1.320839503,103.8636507,0.0010127718102208708,0.001064966146546664,0.004955515758123213,0.016625910273773404
WOODLANDS AVE 1,WOODLANDS,1.431632281,103.7852149,0.0018353733927754382,0.0007853147729437478,0.0014901358808382518,0.02464773122778677
WOODLANDS AVE 3,WOODLANDS,1.432478487,103.7737576,0.00015299466190361625,0.0013606441993625077,0.0013568825518875613,0.026421214834745042
WOODLANDS AVE 4,WOODLANDS,1.438243702,103.7956662,0.002412554953029967,0.002039051849925752,0.0011261003914717809,0.028282183728807985
WOODLANDS AVE 5,WOODLANDS,1.435149753,103.7925266,0.00109843880369347,0.0006930702176247807,0.0007722333651784313,0.026249402951234343
WOODLANDS AVE 6,WOODLANDS,1.438961831,103.8029436,0.0016161087266177022,0.000966365984347782,0.0014697245629198945,0.028263834875297635
WOODLANDS AVE 9,WOODLANDS,1.448282676,103.7986462,0.0015829700066135105,0.0013390359680078593,0.0025465349365467985,0.036447018708151785
WOODLANDS CIRCLE,WOODLANDS,1.444667631,103.7981386,0.003939594953562523,0.0006826147122403584,0.0009802435248805793,0.033347849462752883
WOODLANDS CRES,WOODLANDS,1.446884575,103.802479,0.0024975484565553413,0.00014013378590562158,0.0013479290389953372,0.03499395901270107
WOODLANDS CTR RD,WOODLANDS,1.43794768,103.7710111,0.0029446286921137564,0.0041238562533591015,0.002756368166740891,0.030263919024711927
WOODLANDS DR 14,WOODLANDS,1.431901802,103.7916418,0.0025347109921915454,0.0008568502459205737,0.0011526725077702338,0.024124868603022702
WOODLANDS DR 16,WOODLANDS,1.430324053,103.7946986,0.0029350207097361084,0.0014740466530829403,0.0004842518211863405,0.022801192067913405
WOODLANDS DR 40,WOODLANDS,1.442299106,103.7960019,0.0018547566177862444,0.0010174690026115867,0.0008577035737503641,0.03150819253745462
WOODLANDS DR 42,WOODLANDS,1.437078453,103.7967305,0.0015576770260415668,0.002128270523436373,0.00019276276289944657,0.027295818851512884
WOODLANDS DR 44,WOODLANDS,1.431679585,103.7945795,0.0029906525663284376,0.001215495203428641,0.0008809243219292005,0.02367064195502472
WOODLANDS DR 50,WOODLANDS,1.437125551,103.793678,0.00131535926417993,0.0022311224878503923,0.00021842743753948187,0.027597080962340304
WOODLANDS DR 52,WOODLANDS,1.434152653,103.7993835,0.0024547134416217434,0.0008422654056666724,0.0019759918348289315,0.024885718204539692
WOODLANDS DR 53,WOODLANDS,1.432382673,103.797162,0.003195071560603645,0.0010184905958735581,0.0016374346374270368,0.023868375283572475
WOODLANDS DR 60,WOODLANDS,1.447077927,103.7996631,0.0021019365388524765,0.0002844706168523626,0.001442136699706043,0.03533143047264493
WOODLANDS DR 62,WOODLANDS,1.439490404,103.8054575,0.0012191239179740081,0.00042021705123334636,0.0010608018444257232,0.02850139798390815
WOODLANDS DR 70,WOODLANDS,1.441425431,103.7983112,0.0009324735407905162,0.0014212125176095056,0.001088928045139164,0.0306201947758261
WOODLANDS DR 71,WOODLANDS,1.439987208,103.8001299,0.0005780413449277781,0.0006060123398176414,0.00047030417296184076,0.029309676626505642
WOODLANDS DR 72,WOODLANDS,1.443523727,103.8044376,0.0030018555080917903,0.0013981875080085855,0.0018704178866729337,0.031956881478623245
WOODLANDS DR 73,WOODLANDS,1.441130753,103.8061064,0.0008845647551192957,0.0012441692770994645,0.0009248263095168788,0.029814555890275214
WOODLANDS DR 75,WOODLANDS,1.441709349,103.8080959,0.0014804009197640882,0.001861748350710276,0.001543083153713057,0.030165223586413346
WOODLANDS RING RD,WOODLANDS,1.438752535,103.7993522,0.0018151341065658893,0.001346067983766525,0.0016919771507495772,0.028380048667978632
WOODLANDS RISE,WOODLANDS,1.447145429,103.8045031,0.0025784170038364407,0.00035212609884042133,0.001691642247600653,0.035104886473991216
WOODLANDS ST 11,WOODLANDS,1.43358313,103.7757069,0.0009837051086319182,0.0003808389211747199,0.0005725456679544131,0.026886358566187922
WOODLANDS ST 13,WOODLANDS,1.435140157,103.7776007,0.0016683352855210267,0.0014078764123652407,0.0012462864208909073,0.027699998994853252
WOODLANDS ST 31,WOODLANDS,1.430609304,103.7749589,0.002020658359278727,0.00047024749706667615,0.0026802385131004663,0.02521086676822087
WOODLANDS ST 32,WOODLANDS,1.431018926,103.7801891,0.0018181646502729715,0.000606779721754601,0.0019524414487214416,0.024841394918701534
WOODLANDS ST 41,WOODLANDS,1.429523258,103.7730734,0.003105763461740707,0.001196372890294792,0.003212965082256669,0.02485542673307171
WOODLANDS ST 81,WOODLANDS,1.441551877,103.7892831,0.0018047374355335997,0.0004990680135637064,0.0012981407440734412,0.03140340008801303
WOODLANDS ST 82,WOODLANDS,1.443478682,103.7914682,0.0031644498938976917,0.0007811669430810474,0.0006488629269674586,0.03280839541442757
WOODLANDS ST 83,WOODLANDS,1.440926853,103.7936957,0.00100723498548702,0.0013065800327128315,0.0011372243387910324,0.030561676741940658
YISHUN AVE 1,YISHUN,1.417875105,103.8460765,0.0020049329736770835,0.0019243636770558722,0.0007362668706186614,0.010319248999872877
YISHUN AVE 11,YISHUN,1.424780783,103.8447831,0.005005636384296579,0.0021934635294569064,0.0036486648809706,0.013761284576747518
YISHUN AVE 2,YISHUN,1.426139958,103.8351252,0.0034488244565800503,0.0015525109147265406,0.0020938671095891235,0.015709689921773268
YISHUN AVE 3,YISHUN,1.423884054,103.8299985,0.005750611926489909,0.0033320538129755733,0.004439231969019642,0.01493728158761429
YISHUN AVE 4,YISHUN,1.418773533,103.84071,0.0016598529507561716,0.0021966116845386174,0.0008250232866738985,0.01133186019426136
YISHUN AVE 5,YISHUN,1.430725861,103.8308755,0.0012788516759267207,0.0024436569570155317,0.0026193674351244044,0.01943495670039207
YISHUN AVE 6,YISHUN,1.433154881,103.8452948,0.0038397582583749837,0.001080813904406324,0.0005092270103152457,0.020286449662693263
YISHUN AVE 7,YISHUN,1.438602353,103.8331371,0.004496364312837405,0.0008400021439444766,0.003420179462935825,0.025845817202599597
YISHUN AVE 9,YISHUN,1.434000479,103.8419374,0.004513704188372628,0.0007784142405269272,0.0009410877286164886,0.02124829125369534
YISHUN CTRL,YISHUN,1.427002886,103.8406624,0.0027059093040598774,0.0005136290951621382,0.0013643715391741347,0.01573332183274292
YISHUN CTRL 1,YISHUN,1.428579154,103.8372761,0.0010574185104669466,0.001319846744594629,0.000373837440703745,0.017219121826200893
YISHUN RING RD,YISHUN,1.426161628,103.8320061,0.003454456528927782,0.0015435745163871258,0.00215847288748936,0.016063472462250726
YISHUN ST 11,YISHUN,1.432170799,103.8327938,0.0026011394004639876,0.0009821296058976526,0.0015096025272075045,0.02040866552837518
YISHUN ST 20,YISHUN,1.436154481,103.8352862,0.006321823855932324,0.0023042452297252665,0.003212588303759445,0.023563393465996525
YISHUN ST 21,YISHUN,1.433250155,103.8367503,0.0036689959890501647,0.0002609902998172445,0.0006985048548895121,0.020983550969527084
YISHUN ST 22,YISHUN,1.437289706,103.8375152,0.00581566818266641,0.0011312028108638429,0.004266256236756358,0.024414241242544096
YISHUN ST 31,YISHUN,1.431856159,103.8459868,0.0027335540486738493,0.001973603824917139,0.0013444317112301324,0.019123738736540344
YISHUN ST 41,YISHUN,1.419631758,103.8454277,0.00277258265010138,0.0014985504728694038,0.0017930883104696049,0.010932977634268534
YISHUN ST 43,YISHUN,1.425672536,103.8523313,0.004627602888963052,0.001745773550846138,0.0034234823666567478,0.013615176326221154
YISHUN ST 51,YISHUN,1.416505831,103.8433886,0.0019169820586520223,0.0007340775214336431,0.0014829362835818828,0.01051802054895776
YISHUN ST 61,YISHUN,1.420786037,103.8376609,0.0032715795503551583,0.0005215144910054318,0.002884949675355047,0.012455553715175545
YISHUN ST 71,YISHUN,1.427124924,103.8295792,0.0025833517995046827,0.0005763822706557605,0.0014708924507367397,0.01695998691821871
YISHUN ST 72,YISHUN,1.427481903,103.8332548,0.0021221877162415125,0.00045357581838094207,0.000869718133918267,0.01682008037194705
YISHUN ST 81,YISHUN,1.41527431,103.837315,0.002405378415621646,0.00105727498562346,0.0027465301761780583,0.011427801051248146
YUAN CHING RD,JURONG WEST,1.335383369,103.7250768,0.004512666579929926,0.0027999613733457693,0.001204637062254232,0.004450212002265708
YUNG AN RD,JURONG WEST,1.336978324,103.7195581,0.003514288674462592,0.0012717713278544889,0.002143795922995653,0.0036220554503866697
YUNG HO RD,JURONG WEST,1.326858877,103.7226627,0.007938020847935837,0.010156639994484906,0.007523416646524087,0.005711096994201944
YUNG KUANG RD,JURONG WEST,1.331692591,103.7231604,0.004761169390588128,0.005688598988048197,0.0032155885167065774,0.0047941401749400925
YUNG LOH RD,JURONG WEST,1.327653754,103.7222581,0.007365166628318955,0.009436129850694997,0.00700439053500801,0.0059685340196577435
YUNG PING RD,JURONG WEST,1.330112669,103.7221097,0.005714796600657603,0.007189253538229017,0.00474816269106616,0.005774697228648761
YUNG SHENG RD,JURONG WEST,1.334935939,103.7213002,0.005092809340928276,0.0033519117690104473,0.00021603282092528677,0.005111726095444248
ZION RD,BUKIT MERAH,1.291262638,103.8327392,0.002699018720069171,0.002294867201704683,0.002223244882656902,0.01006858547098772
